0.0,0.0,0.0,0.0,0.0,0.0,0.0,0.0,0.0,0.0,0.0,0.0,0.0,0.0,0.0,0.0,0.0,0.0,0.0,0.0,0.0,0.0,0.0,0.03,0.07,0.08,0.09,0.1,0.1,0.1,0.17,0.415,0.49,0.564,0.624,0.662,0.68,0.68,0.66,0.612,0.534,0.418,0.206,0.0,0.0,0.024,0.042,0.084,0.117,0.15,0.15,0.117,0.084,0.042,0.024,0.0,0.0,0.206,0.418,0.534,0.612,0.66,0.68,0.68,0.662,0.624,0.564,0.49,0.415,0.17,0.1,0.1,0.1,0.09,0.08,0.07,0.03,0.0,0.0,0.0,0.0,0.0,0.0,0.0,0.0,0.0,0.0,0.0,0.0,0.0,0.0,0.0,0.0,0.0,0.0,0.0,0.0,0.0,0.0,0.0
0.0,0.0,0.0,0.0,0.0,0.0,0.0,0.0,0.0,0.0,0.0,0.0,0.0,0.0,0.0,0.0,0.0,0.0,0.0,0.0,0.0,0.0,0.0,0.045,0.075,0.085,0.095,0.095,0.095,0.095,0.085,0.245,0.441,0.526,0.602,0.646,0.67,0.68,0.666,0.638,0.576,0.478,0.34,0.1,0.024,0.042,0.051,0.087,0.12,0.1575,0.15,0.114,0.072,0.027,0.0,0.0,0.0,0.044,0.324,0.472,0.57,0.62,0.65,0.672,0.664,0.638,0.581,0.565,0.515,0.395,0.095,0.1,0.095,0.09,0.075,0.055,0.0,0.0,0.0,0.0,0.0,0.0,0.0,0.0,0.0,0.0,0.0,0.0,0.0,0.0,0.0,0.0,0.0,0.0,0.0,0.0,0.0,0.0,0.0,0.0
0.0,0.0,0.0,0.0,0.0,0.0,0.0,0.0,0.0,0.0,0.0,0.0,0.0,0.0,0.0,0.0,0.0,0.0,0.0,0.0,0.0,0.0,0.0,0.06,0.08,0.09,0.1,0.1,0.1,0.09,0.08,0.088,0.316,0.458,0.556,0.62,0.65,0.666,0.672,0.64,0.59,0.5,0.43,0.328,0.042,0.051,0.0615,0.09,0.1275,0.1575,0.144,0.102,0.0525,0.0,0.0,0.0,0.04,0.06,0.072,0.386,0.5,0.58,0.626,0.648,0.642,0.618,0.625,0.6,0.57,0.495,0.35,0.1,0.095,0.085,0.07,0.04,0.0,0.0,0.0,0.0,0.0,0.0,0.0,0.0,0.0,0.0,0.0,0.0,0.0,0.0,0.0,0.0,0.0,0.0,0.0,0.0,0.0,0.0,0.0,0.0
0.0,0.0,0.0,0.0,0.0,0.0,0.0,0.0,0.0,0.0,0.0,0.0,0.0,0.0,0.0,0.0,0.0,0.0,0.0,0.0,0.0,0.0,0.035,0.065,0.085,0.095,0.1,0.1,0.095,0.085,0.079,0.093,0.064,0.372,0.5,0.57,0.62,0.642,0.644,0.628,0.56,0.54,0.498,0.449,0.331,0.057,0.0675,0.0975,0.1245,0.1515,0.1275,0.09,0.0225,0.0,0.0,0.028,0.052,0.068,0.076,0.256,0.436,0.536,0.588,0.62,0.616,0.58,0.64,0.64,0.615,0.545,0.47,0.305,0.095,0.075,0.055,0.0,0.0,0.0,0.0,0.0,0.0,0.0,0.0,0.0,0.0,0.0,0.0,0.0,0.0,0.0,0.0,0.0,0.0,0.0,0.0,0.0,0.0,0.0,0.0,0.0
0.0,0.0,0.0,0.0,0.0,0.0,0.0,0.0,0.0,0.0,0.0,0.0,0.0,0.0,0.0,0.0,0.0,0.0,0.0,0.0,0.0,0.0,0.045,0.075,0.085,0.095,0.1,0.1,0.095,0.085,0.105,0.095,0.072,0.23,0.42,0.52,0.562,0.594,0.612,0.604,0.57,0.565,0.559,0.521,0.447,0.327,0.0675,0.102,0.1215,0.1425,0.1155,0.045,0.0225,0.0,0.024,0.052,0.064,0.076,0.08,0.08,0.35,0.462,0.53,0.56,0.55,0.61,0.65,0.65,0.63,0.59,0.53,0.425,0.23,0.07,0.04,0.0,0.0,0.0,0.0,0.0,0.0,0.0,0.0,0.0,0.0,0.0,0.0,0.0,0.0,0.0,0.0,0.0,0.0,0.0,0.0,0.0,0.0,0.0,0.0,0.0
0.0,0.0,0.0,0.0,0.0,0.0,0.0,0.0,0.0,0.0,0.0,0.0,0.0,0.0,0.0,0.0,0.0,0.0,0.0,0.0,0.0,0.0,0.06,0.08,0.09,0.1,0.1,0.1,0.09,0.112,0.116,0.082,0.072,0.08,0.3,0.44,0.512,0.546,0.576,0.55,0.569,0.586,0.588,0.554,0.51,0.44,0.322,0.099,0.1305,0.123,0.0825,0.045,0.015,0.004,0.048,0.064,0.072,0.08,0.08,0.08,0.222,0.394,0.468,0.48,0.525,0.61,0.64,0.655,0.635,0.61,0.565,0.495,0.375,0.095,0.0,0.0,0.0,0.0,0.0,0.0,0.0,0.0,0.0,0.0,0.0,0.0,0.0,0.0,0.0,0.0,0.0,0.0,0.0,0.0,0.0,0.0,0.0,0.0,0.0,0.0
0.0,0.0,0.0,0.0,0.0,0.0,0.0,0.0,0.0,0.0,0.0,0.0,0.0,0.0,0.0,0.0,0.0,0.0,0.0,0.0,0.0,0.025,0.065,0.085,0.095,0.1,0.1,0.095,0.098,0.123,0.119,0.072,0.08,0.08,0.08,0.352,0.444,0.498,0.5,0.53,0.576,0.588,0.584,0.58,0.55,0.49,0.429,0.343,0.1185,0.09,0.0825,0.045,0.015,0.044,0.06,0.072,0.076,0.08,0.076,0.076,0.068,0.302,0.372,0.44,0.535,0.59,0.63,0.635,0.64,0.63,0.585,0.525,0.44,0.3,0.0,0.0,0.0,0.0,0.0,0.0,0.0,0.0,0.0,0.0,0.0,0.0,0.0,0.0,0.0,0.0,0.0,0.0,0.0,0.0,0.0,0.0,0.0,0.0,0.0,0.0
0.0,0.0,0.0,0.0,0.0,0.0,0.0,0.0,0.0,0.0,0.0,0.0,0.0,0.0,0.0,0.0,0.0,0.0,0.0,0.0,0.0,0.035,0.065,0.085,0.095,0.1,0.1,0.095,0.125,0.135,0.117,0.076,0.08,0.08,0.076,0.208,0.352,0.414,0.45,0.523,0.565,0.577,0.587,0.58,0.557,0.517,0.486,0.4415,0.339,0.09,0.075,0.045,0.0475,0.06,0.072,0.08,0.08,0.08,0.072,0.064,0.056,0.184,0.32,0.41,0.51,0.57,0.61,0.63,0.63,0.62,0.59,0.54,0.475,0.35,0.23,0.0,0.0,0.0,0.0,0.0,0.0,0.0,0.0,0.0,0.0,0.0,0.0,0.0,0.0,0.0,0.0,0.0,0.0,0.0,0.0,0.0,0.0,0.0,0.0,0.0
0.0,0.0,0.0,0.0,0.0,0.0,0.0,0.0,0.0,0.0,0.0,0.0,0.0,0.0,0.0,0.0,0.0,0.0,0.0,0.0,0.0,0.045,0.07,0.09,0.095,0.1,0.1,0.123,0.137,0.138,0.116,0.076,0.08,0.076,0.068,0.06,0.246,0.32,0.43,0.488,0.534,0.56,0.57,0.57,0.564,0.528,0.5085,0.472,0.4225,0.3225,0.075,0.0735,0.0675,0.068,0.076,0.08,0.08,0.076,0.068,0.056,0.032,0.0,0.26,0.405,0.485,0.535,0.585,0.61,0.605,0.605,0.585,0.545,0.465,0.39,0.31,0.19,0.0,0.0,0.0,0.0,0.0,0.0,0.0,0.0,0.0,0.0,0.0,0.0,0.0,0.0,0.0,0.0,0.0,0.0,0.0,0.0,0.0,0.0,0.0,0.0
0.0,0.0,0.0,0.0,0.0,0.0,0.0,0.0,0.0,0.0,0.0,0.0,0.0,0.0,0.0,0.0,0.0,0.0,0.0,0.0,0.0,0.05,0.075,0.09,0.095,0.1,0.1,0.139,0.149,0.137,0.11,0.08,0.08,0.072,0.064,0.048,0.058,0.28,0.385,0.441,0.497,0.53,0.547,0.547,0.541,0.519,0.5035,0.5,0.4825,0.4225,0.343,0.0935,0.068,0.076,0.08,0.08,0.076,0.068,0.06,0.036,0.0,0.0,0.235,0.375,0.465,0.515,0.56,0.58,0.585,0.575,0.565,0.515,0.45,0.41,0.36,0.28,0.15,0.0,0.0,0.0,0.0,0.0,0.0,0.0,0.0,0.0,0.0,0.0,0.0,0.0,0.0,0.0,0.0,0.0,0.0,0.0,0.0,0.0,0.0,0.0
0.0,0.0,0.0,0.0,0.0,0.0,0.0,0.0,0.0,0.0,0.0,0.0,0.0,0.0,0.0,0.0,0.0,0.0,0.0,0.0,0.0,0.055,0.075,0.09,0.095,0.1,0.127,0.151,0.153,0.141,0.095,0.08,0.076,0.068,0.056,0.036,0.027,0.202,0.334,0.397,0.46,0.5,0.517,0.531,0.522,0.504,0.4825,0.5175,0.5025,0.4865,0.447,0.3415,0.132,0.08,0.08,0.08,0.072,0.06,0.04,0.0,0.0,0.0,0.2,0.35,0.43,0.5,0.53,0.56,0.56,0.56,0.54,0.47,0.45,0.42,0.38,0.33,0.25,0.1,0.0,0.0,0.0,0.0,0.0,0.0,0.0,0.0,0.0,0.0,0.0,0.0,0.0,0.0,0.0,0.0,0.0,0.0,0.0,0.0,0.0,0.0
0.0,0.0,0.0,0.0,0.0,0.0,0.0,0.0,0.0,0.0,0.0,0.0,0.0,0.0,0.0,0.0,0.0,0.0,0.0,0.0,0.0,0.06,0.08,0.09,0.095,0.1,0.148,0.154,0.156,0.136,0.08,0.076,0.076,0.064,0.044,0.024,0.042,0.051,0.267,0.35,0.41,0.447,0.484,0.492,0.477,0.47,0.49,0.5175,0.5245,0.5445,0.509,0.426,0.326,0.19,0.076,0.072,0.06,0.044,0.0,0.0,0.0,0.05,0.14,0.32,0.41,0.47,0.51,0.52,0.53,0.53,0.49,0.46,0.45,0.43,0.4,0.36,0.3,0.22,0.0,0.0,0.0,0.0,0.0,0.0,0.0,0.0,0.0,0.0,0.0,0.0,0.0,0.0,0.0,0.0,0.0,0.0,0.0,0.0,0.0,0.0
0.0,0.0,0.0,0.0,0.0,0.0,0.0,0.0,0.0,0.0,0.0,0.0,0.0,0.0,0.0,0.0,0.0,0.0,0.0,0.0,0.0,0.06,0.08,0.09,0.1,0.132,0.156,0.162,0.16,0.14,0.08,0.08,0.072,0.056,0.05,0.039,0.051,0.057,0.17,0.3,0.357,0.411,0.435,0.45,0.44,0.44,0.4775,0.5225,0.559,0.5625,0.551,0.466,0.4,0.316,0.216,0.064,0.048,0.0,0.0,0.0,0.03,0.07,0.085,0.295,0.38,0.44,0.48,0.5,0.505,0.49,0.44,0.44,0.44,0.42,0.4,0.38,0.33,0.28,0.18,0.0,0.0,0.0,0.0,0.0,0.0,0.0,0.0,0.0,0.0,0.0,0.0,0.0,0.0,0.0,0.0,0.0,0.0,0.0,0.0,0.0
0.0,0.0,0.0,0.0,0.0,0.0,0.0,0.0,0.0,0.0,0.0,0.0,0.0,0.0,0.0,0.0,0.0,0.0,0.0,0.0,0.01,0.06,0.08,0.09,0.1,0.148,0.164,0.166,0.156,0.135,0.076,0.076,0.06,0.053,0.039,0.051,0.057,0.057,0.06,0.227,0.304,0.355,0.383,0.39,0.41,0.42,0.4675,0.5565,0.565,0.557,0.5685,0.49,0.43,0.386,0.314,0.202,0.016,0.0,0.0,0.0,0.06,0.08,0.09,0.27,0.36,0.42,0.45,0.46,0.47,0.42,0.43,0.43,0.43,0.42,0.41,0.38,0.35,0.31,0.25,0.15,0.0,0.0,0.0,0.0,0.0,0.0,0.0,0.0,0.0,0.0,0.0,0.0,0.0,0.0,0.0,0.0,0.0,0.0,0.0,0.0
0.0,0.0,0.0,0.0,0.0,0.0,0.0,0.0,0.0,0.0,0.0,0.0,0.0,0.0,0.0,0.0,0.0,0.0,0.0,0.0,0.01,0.065,0.085,0.095,0.127,0.156,0.167,0.171,0.155,0.135,0.076,0.072,0.056,0.065,0.048,0.054,0.06,0.06,0.06,0.104,0.248,0.306,0.313,0.35,0.38,0.4,0.4775,0.5625,0.5745,0.571,0.5625,0.4925,0.446,0.408,0.352,0.274,0.17,0.0,0.0,0.05,0.075,0.09,0.095,0.24,0.33,0.385,0.415,0.435,0.42,0.4,0.41,0.42,0.42,0.41,0.4,0.38,0.36,0.32,0.28,0.21,0.1,0.0,0.0,0.0,0.0,0.0,0.0,0.0,0.0,0.0,0.0,0.0,0.0,0.0,0.0,0.0,0.0,0.0,0.0,0.0
0.0,0.0,0.0,0.0,0.0,0.0,0.0,0.0,0.0,0.0,0.0,0.0,0.0,0.0,0.0,0.0,0.0,0.0,0.0,0.0,0.0,0.06,0.08,0.09,0.144,0.16,0.171,0.166,0.16,0.131,0.076,0.064,0.082,0.049,0.054,0.057,0.06,0.06,0.057,0.048,0.169,0.238,0.28,0.32,0.35,0.406,0.4985,0.537,0.5585,0.555,0.5625,0.491,0.448,0.416,0.362,0.29,0.25,0.17,0.04,0.07,0.085,0.095,0.1,0.22,0.305,0.36,0.38,0.395,0.37,0.38,0.4,0.4,0.4,0.4,0.39,0.37,0.36,0.33,0.3,0.25,0.18,0.0,0.0,0.0,0.0,0.0,0.0,0.0,0.0,0.0,0.0,0.0,0.0,0.0,0.0,0.0,0.0,0.0,0.0,0.0
0.0,0.0,0.0,0.0,0.0,0.0,0.0,0.0,0.0,0.0,0.0,0.0,0.0,0.0,0.0,0.0,0.0,0.0,0.0,0.0,0.0,0.06,0.08,0.114,0.156,0.164,0.172,0.17,0.16,0.14,0.072,0.08,0.082,0.054,0.057,0.06,0.06,0.057,0.051,0.042,0.024,0.16,0.23,0.28,0.342,0.396,0.488,0.531,0.5425,0.545,0.5485,0.4655,0.436,0.396,0.35,0.32,0.29,0.27,0.24,0.14,0.09,0.1,0.1,0.2,0.29,0.33,0.34,0.33,0.35,0.36,0.38,0.39,0.39,0.39,0.38,0.38,0.36,0.33,0.31,0.27,0.22,0.14,0.0,0.0,0.0,0.0,0.0,0.0,0.0,0.0,0.0,0.0,0.0,0.0,0.0,0.0,0.0,0.0,0.0,0.0
0.0,0.0,0.0,0.0,0.0,0.0,0.0,0.0,0.0,0.0,0.0,0.0,0.0,0.0,0.0,0.0,0.0,0.0,0.0,0.0,0.0,0.055,0.08,0.134,0.16,0.168,0.176,0.17,0.156,0.136,0.101,0.091,0.071,0.057,0.06,0.06,0.057,0.054,0.045,0.03,0.0,0.1,0.19,0.274,0.332,0.388,0.4735,0.505,0.525,0.531,0.5345,0.43,0.41,0.36,0.36,0.33,0.31,0.34,0.32,0.28,0.19,0.1,0.1,0.18,0.26,0.3,0.29,0.31,0.34,0.35,0.37,0.37,0.38,0.38,0.37,0.37,0.35,0.34,0.32,0.29,0.25,0.19,0.1,0.0,0.0,0.0,0.0,0.0,0.0,0.0,0.0,0.0,0.0,0.0,0.0,0.0,0.0,0.0,0.0,0.0
0.0,0.0,0.0,0.0,0.0,0.0,0.0,0.0,0.0,0.0,0.0,0.0,0.0,0.0,0.0,0.0,0.0,0.0,0.0,0.0,0.0,0.055,0.083,0.133,0.159,0.172,0.175,0.175,0.165,0.143,0.125,0.092,0.054,0.06,0.06,0.057,0.054,0.048,0.033,0.0,0.0,0.0,0.15,0.252,0.318,0.366,0.461,0.485,0.501,0.497,0.5025,0.404,0.37,0.36,0.36,0.34,0.38,0.375,0.37,0.335,0.29,0.22,0.095,0.155,0.245,0.26,0.27,0.3,0.32,0.34,0.35,0.36,0.36,0.37,0.37,0.36,0.35,0.33,0.32,0.3,0.26,0.22,0.16,0.02,0.0,0.0,0.0,0.0,0.0,0.0,0.0,0.0,0.0,0.0,0.0,0.0,0.0,0.0,0.0,0.0
0.0,0.0,0.0,0.0,0.0,0.0,0.0,0.0,0.0,0.0,0.0,0.0,0.0,0.0,0.0,0.0,0.0,0.0,0.0,0.0,0.0,0.045,0.107,0.146,0.163,0.176,0.18,0.175,0.161,0.171,0.136,0.09,0.057,0.06,0.057,0.057,0.051,0.039,0.015,0.0,0.0,0.0,0.118,0.224,0.292,0.33,0.435,0.461,0.477,0.479,0.4765,0.35,0.36,0.35,0.35,0.385,0.405,0.405,0.395,0.37,0.34,0.295,0.215,0.15,0.215,0.22,0.26,0.29,0.31,0.32,0.33,0.35,0.36,0.35,0.36,0.35,0.35,0.33,0.32,0.29,0.27,0.24,0.19,0.12,0.0,0.0,0.0,0.0,0.0,0.0,0.0,0.0,0.0,0.0,0.0,0.0,0.0,0.0,0.0,0.0
0.0,0.0,0.0,0.0,0.0,0.0,0.0,0.0,0.0,0.0,0.0,0.0,0.0,0.0,0.0,0.0,0.0,0.0,0.0,0.0,0.0,0.04,0.11,0.15,0.163,0.176,0.18,0.176,0.193,0.183,0.143,0.081,0.06,0.06,0.057,0.051,0.042,0.024,0.0,0.0,0.0,0.048,0.064,0.192,0.26,0.31,0.415,0.437,0.439,0.443,0.421,0.34,0.35,0.34,0.38,0.41,0.415,0.415,0.41,0.39,0.36,0.32,0.275,0.26,0.16,0.21,0.25,0.28,0.29,0.32,0.33,0.34,0.34,0.35,0.34,0.35,0.34,0.33,0.31,0.3,0.27,0.24,0.21,0.16,0.07,0.0,0.0,0.0,0.0,0.0,0.0,0.0,0.0,0.0,0.0,0.0,0.0,0.0,0.0,0.0
0.0,0.0,0.0,0.0,0.0,0.0,0.0,0.0,0.0,0.0,0.0,0.0,0.0,0.0,0.0,0.0,0.0,0.0,0.0,0.0,0.0,0.025,0.113,0.149,0.167,0.18,0.18,0.19,0.201,0.187,0.152,0.06,0.06,0.06,0.054,0.045,0.03,0.0,0.0,0.0,0.04,0.06,0.072,0.086,0.22,0.27,0.381,0.403,0.407,0.399,0.385,0.33,0.33,0.345,0.4,0.41,0.42,0.43,0.42,0.395,0.37,0.34,0.295,0.27,0.3,0.23,0.24,0.27,0.29,0.3,0.32,0.33,0.33,0.34,0.34,0.33,0.33,0.32,0.31,0.29,0.28,0.25,0.22,0.19,0.12,0.0,0.0,0.0,0.0,0.0,0.0,0.0,0.0,0.0,0.0,0.0,0.0,0.0,0.0,0.0
0.0,0.0,0.0,0.0,0.0,0.0,0.0,0.0,0.0,0.0,0.0,0.0,0.0,0.0,0.0,0.0,0.0,0.0,0.0,0.0,0.0,0.024,0.112,0.148,0.171,0.175,0.18,0.204,0.21,0.194,0.155,0.06,0.06,0.054,0.048,0.036,0.009,0.0,0.0,0.036,0.06,0.068,0.076,0.08,0.17,0.236,0.343,0.371,0.363,0.355,0.365,0.3,0.32,0.375,0.41,0.42,0.415,0.43,0.415,0.405,0.38,0.33,0.265,0.31,0.34,0.34,0.29,0.26,0.28,0.29,0.3,0.31,0.32,0.33,0.33,0.33,0.33,0.32,0.31,0.3,0.27,0.26,0.23,0.2,0.15,0.07,0.0,0.0,0.0,0.0,0.0,0.0,0.0,0.0,0.0,0.0,0.0,0.0,0.0,0.0
0.0,0.0,0.0,0.0,0.0,0.0,0.0,0.0,0.0,0.0,0.0,0.0,0.0,0.0,0.0,0.0,0.0,0.0,0.0,0.0,0.0,0.032,0.106,0.148,0.166,0.176,0.203,0.221,0.209,0.197,0.166,0.087,0.057,0.051,0.042,0.024,0.0,0.0,0.032,0.056,0.068,0.076,0.08,0.08,0.076,0.192,0.301,0.321,0.305,0.335,0.355,0.29,0.35,0.385,0.41,0.42,0.42,0.42,0.415,0.39,0.365,0.315,0.27,0.34,0.39,0.38,0.38,0.32,0.27,0.28,0.3,0.31,0.32,0.32,0.32,0.32,0.31,0.31,0.3,0.29,0.28,0.26,0.23,0.2,0.17,0.11,0.0,0.0,0.0,0.0,0.0,0.0,0.0,0.0,0.0,0.0,0.0,0.0,0.0,0.0
0.0,0.0,0.0,0.0,0.0,0.0,0.0,0.0,0.0,0.0,0.0,0.0,0.0,0.0,0.0,0.0,0.0,0.0,0.0,0.0,0.0,0.04,0.1,0.142,0.161,0.187,0.216,0.224,0.217,0.201,0.158,0.105,0.054,0.048,0.033,0.0,0.0,0.024,0.052,0.068,0.076,0.08,0.08,0.076,0.072,0.13,0.255,0.255,0.285,0.315,0.32,0.315,0.365,0.385,0.405,0.41,0.41,0.415,0.395,0.38,0.335,0.29,0.28,0.35,0.4,0.43,0.42,0.4,0.35,0.28,0.29,0.3,0.31,0.31,0.31,0.32,0.31,0.31,0.3,0.29,0.27,0.26,0.24,0.21,0.18,0.14,0.05,0.0,0.0,0.0,0.0,0.0,0.0,0.0,0.0,0.0,0.0,0.0,0.0,0.0
0.0,0.0,0.0,0.0,0.0,0.0,0.0,0.0,0.0,0.0,0.0,0.0,0.0,0.0,0.0,0.0,0.0,0.0,0.0,0.0,0.0,0.04,0.079,0.137,0.16,0.205,0.225,0.226,0.216,0.198,0.155,0.112,0.051,0.039,0.015,0.0,0.008,0.048,0.064,0.076,0.08,0.08,0.076,0.072,0.064,0.0665,0.175,0.235,0.265,0.295,0.325,0.33,0.355,0.385,0.4,0.4,0.405,0.395,0.38,0.345,0.3,0.29,0.29,0.38,0.41,0.43,0.43,0.43,0.4,0.36,0.28,0.3,0.3,0.31,0.3,0.3,0.3,0.3,0.29,0.28,0.27,0.25,0.24,0.22,0.19,0.15,0.09,0.0,0.0,0.0,0.0,0.0,0.0,0.0,0.0,0.0,0.0,0.0,0.0,0.0
0.0,0.0,0.0,0.0,0.0,0.0,0.0,0.0,0.0,0.0,0.0,0.0,0.0,0.0,0.0,0.0,0.0,0.0,0.0,0.0,0.0,0.044,0.06,0.122,0.172,0.209,0.227,0.233,0.224,0.198,0.145,0.119,0.075,0.03,0.0,0.0,0.048,0.064,0.072,0.08,0.08,0.08,0.072,0.064,0.048,0.0385,0.115,0.205,0.245,0.3125,0.3275,0.32,0.35,0.37,0.39,0.39,0.39,0.37,0.35,0.3,0.29,0.29,0.29,0.39,0.41,0.44,0.45,0.45,0.45,0.42,0.38,0.29,0.29,0.3,0.3,0.3,0.3,0.29,0.29,0.28,0.26,0.26,0.24,0.22,0.19,0.16,0.12,0.0,0.0,0.0,0.0,0.0,0.0,0.0,0.0,0.0,0.0,0.0,0.0,0.0
0.0,0.0,0.0,0.0,0.0,0.0,0.0,0.0,0.0,0.0,0.0,0.0,0.0,0.0,0.0,0.0,0.0,0.0,0.0,0.0,0.0,0.048,0.064,0.111,0.174,0.213,0.225,0.231,0.219,0.199,0.139,0.123,0.081,0.009,0.0,0.04,0.06,0.068,0.076,0.08,0.08,0.076,0.068,0.052,0.028,0.03,0.0825,0.165,0.235,0.3275,0.31,0.315,0.34,0.36,0.365,0.37,0.365,0.345,0.29,0.29,0.29,0.29,0.3,0.4,0.43,0.45,0.46,0.46,0.46,0.45,0.43,0.38,0.28,0.3,0.3,0.29,0.29,0.29,0.29,0.27,0.27,0.25,0.24,0.22,0.2,0.16,0.13,0.05,0.0,0.0,0.0,0.0,0.0,0.0,0.0,0.0,0.0,0.0,0.0,0.0
0.0,0.0,0.0,0.0,0.0,0.0,0.0,0.0,0.0,0.0,0.0,0.0,0.0,0.0,0.0,0.0,0.0,0.0,0.0,0.0,0.008,0.048,0.064,0.096,0.182,0.211,0.227,0.232,0.224,0.205,0.144,0.122,0.087,0.0,0.032,0.056,0.068,0.076,0.08,0.08,0.076,0.068,0.06,0.036,0.0,0.0375,0.075,0.075,0.23,0.3225,0.2975,0.295,0.32,0.335,0.355,0.335,0.335,0.28,0.28,0.29,0.29,0.29,0.34,0.4,0.43,0.46,0.47,0.47,0.48,0.47,0.45,0.43,0.37,0.29,0.29,0.29,0.29,0.29,0.27,0.27,0.27,0.25,0.23,0.22,0.19,0.17,0.13,0.08,0.0,0.0,0.0,0.0,0.0,0.0,0.0,0.0,0.0,0.0,0.0,0.0
0.0,0.0,0.0,0.0,0.0,0.0,0.0,0.0,0.0,0.0,0.0,0.0,0.0,0.0,0.0,0.0,0.0,0.0,0.0,0.0,0.016,0.048,0.064,0.105,0.17,0.209,0.222,0.227,0.216,0.196,0.143,0.121,0.074,0.059,0.052,0.068,0.076,0.08,0.08,0.076,0.072,0.06,0.04,0.0,0.0,0.045,0.075,0.1375,0.21,0.2925,0.2775,0.29,0.315,0.315,0.32,0.325,0.275,0.27,0.28,0.28,0.29,0.29,0.37,0.4,0.43,0.47,0.48,0.48,0.47,0.48,0.46,0.45,0.42,0.38,0.29,0.29,0.29,0.27,0.27,0.27,0.26,0.25,0.23,0.22,0.2,0.18,0.14,0.1,0.0,0.0,0.0,0.0,0.0,0.0,0.0,0.0,0.0,0.0,0.0,0.0
0.0,0.0,0.0,0.0,0.0,0.0,0.0,0.0,0.0,0.0,0.0,0.0,0.0,0.0,0.0,0.0,0.0,0.0,0.0,0.0,0.012,0.052,0.088,0.118,0.137,0.194,0.216,0.222,0.22,0.198,0.142,0.12,0.08,0.108,0.064,0.072,0.08,0.08,0.08,0.072,0.064,0.048,0.0,0.0,0.0,0.0375,0.125,0.1575,0.165,0.2675,0.2625,0.27,0.295,0.305,0.295,0.265,0.25,0.27,0.27,0.27,0.28,0.28,0.37,0.42,0.43,0.47,0.48,0.48,0.49,0.48,0.48,0.47,0.45,0.42,0.37,0.28,0.28,0.27,0.27,0.27,0.26,0.24,0.24,0.22,0.2,0.17,0.15,0.11,0.0,0.0,0.0,0.0,0.0,0.0,0.0,0.0,0.0,0.0,0.0,0.0
0.0,0.0,0.0,0.0,0.0,0.0,0.0,0.0,0.0,0.0,0.0,0.0,0.0,0.0,0.0,0.0,0.0,0.0,0.0,0.0,0.012,0.052,0.101,0.121,0.13,0.182,0.211,0.214,0.212,0.19,0.134,0.11,0.125,0.129,0.107,0.08,0.08,0.08,0.072,0.064,0.056,0.024,0.0,0.0,0.0,0.09,0.1575,0.165,0.17,0.225,0.2325,0.245,0.265,0.27,0.255,0.23,0.25,0.25,0.26,0.26,0.27,0.27,0.37,0.42,0.46,0.47,0.48,0.48,0.49,0.49,0.48,0.48,0.46,0.44,0.42,0.37,0.28,0.27,0.27,0.26,0.25,0.24,0.23,0.21,0.19,0.17,0.14,0.1,0.02,0.0,0.0,0.0,0.0,0.0,0.0,0.0,0.0,0.0,0.0,0.0
0.0,0.0,0.0,0.0,0.0,0.0,0.0,0.0,0.0,0.0,0.0,0.0,0.0,0.0,0.0,0.0,0.0,0.0,0.0,0.0,0.0,0.063,0.103,0.123,0.137,0.15,0.2,0.209,0.208,0.193,0.133,0.132,0.146,0.152,0.136,0.08,0.08,0.08,0.072,0.056,0.032,0.0,0.0,0.0,0.04,0.115,0.1675,0.17,0.1825,0.1675,0.1975,0.215,0.23,0.225,0.2,0.22,0.23,0.24,0.25,0.26,0.27,0.32,0.38,0.42,0.45,0.47,0.47,0.49,0.49,0.49,0.49,0.48,0.47,0.46,0.43,0.4,0.36,0.27,0.27,0.25,0.24,0.24,0.23,0.21,0.2,0.18,0.15,0.11,0.04,0.0,0.0,0.0,0.0,0.0,0.0,0.0,0.0,0.0,0.0,0.0
0.0,0.0,0.0,0.0,0.0,0.0,0.0,0.0,0.0,0.0,0.0,0.0,0.0,0.0,0.0,0.0,0.0,0.0,0.0,0.0,0.0,0.078,0.106,0.126,0.14,0.14,0.185,0.196,0.2,0.185,0.144,0.148,0.159,0.157,0.15,0.12,0.08,0.072,0.064,0.04,0.0,0.0,0.0,0.035,0.065,0.13,0.17,0.1825,0.1825,0.1625,0.13,0.175,0.195,0.17,0.19,0.21,0.22,0.24,0.24,0.25,0.26,0.33,0.4,0.42,0.45,0.47,0.47,0.48,0.49,0.5,0.5,0.49,0.48,0.46,0.45,0.42,0.4,0.34,0.26,0.25,0.24,0.23,0.23,0.21,0.19,0.17,0.14,0.11,0.05,0.0,0.0,0.0,0.0,0.0,0.0,0.0,0.0,0.0,0.0,0.0
0.0,0.0,0.0,0.0,0.0,0.0,0.0,0.0,0.0,0.0,0.0,0.0,0.0,0.0,0.0,0.0,0.0,0.0,0.0,0.0,0.0,0.077,0.108,0.126,0.133,0.14,0.14,0.185,0.196,0.183,0.159,0.164,0.167,0.175,0.16,0.135,0.072,0.064,0.048,0.016,0.0,0.0,0.025,0.065,0.0925,0.1325,0.1775,0.1825,0.1775,0.15,0.09,0.125,0.12,0.15,0.18,0.19,0.21,0.22,0.23,0.24,0.25,0.35,0.39,0.42,0.45,0.46,0.49,0.49,0.49,0.49,0.49,0.5,0.49,0.48,0.45,0.43,0.43,0.38,0.32,0.25,0.24,0.23,0.22,0.2,0.19,0.17,0.14,0.11,0.04,0.0,0.0,0.0,0.0,0.0,0.0,0.0,0.0,0.0,0.0,0.0
0.0,0.0,0.0,0.0,0.0,0.0,0.0,0.0,0.0,0.0,0.0,0.0,0.0,0.0,0.0,0.0,0.0,0.0,0.0,0.0,0.015,0.075,0.111,0.125,0.133,0.14,0.137,0.167,0.183,0.202,0.179,0.168,0.176,0.175,0.17,0.146,0.113,0.056,0.032,0.0,0.0,0.01,0.06,0.08,0.0975,0.145,0.1825,0.1825,0.1725,0.14,0.07,0.0,0.1,0.13,0.16,0.18,0.2,0.22,0.23,0.24,0.29,0.35,0.4,0.43,0.44,0.48,0.48,0.49,0.5,0.5,0.5,0.5,0.49,0.48,0.48,0.45,0.43,0.41,0.36,0.31,0.24,0.23,0.22,0.2,0.19,0.16,0.14,0.1,0.04,0.0,0.0,0.0,0.0,0.0,0.0,0.0,0.0,0.0,0.0,0.0
0.0,0.0,0.0,0.0,0.0,0.0,0.0,0.0,0.0,0.0,0.0,0.0,0.0,0.0,0.0,0.0,0.0,0.0,0.0,0.0,0.027,0.074,0.107,0.129,0.136,0.14,0.137,0.127,0.184,0.207,0.19,0.176,0.18,0.18,0.166,0.152,0.125,0.064,0.0,0.0,0.0,0.06,0.08,0.09,0.1075,0.145,0.1825,0.1725,0.1625,0.1125,0.025,0.0,0.06,0.12,0.15,0.17,0.19,0.2,0.21,0.22,0.3,0.35,0.4,0.43,0.44,0.47,0.47,0.49,0.49,0.51,0.5,0.49,0.49,0.48,0.47,0.45,0.45,0.41,0.37,0.35,0.29,0.23,0.22,0.19,0.18,0.17,0.14,0.1,0.02,0.0,0.0,0.0,0.0,0.0,0.0,0.0,0.0,0.0,0.0,0.0
0.0,0.0,0.0,0.0,0.0,0.0,0.0,0.0,0.0,0.0,0.0,0.0,0.0,0.0,0.0,0.0,0.0,0.0,0.0,0.0,0.03,0.072,0.106,0.128,0.136,0.14,0.134,0.124,0.177,0.197,0.197,0.171,0.175,0.176,0.171,0.158,0.127,0.075,0.0,0.0,0.055,0.075,0.09,0.095,0.115,0.14,0.1775,0.175,0.1475,0.0775,0.015,0.0,0.0,0.09,0.13,0.16,0.17,0.2,0.21,0.22,0.31,0.37,0.4,0.42,0.46,0.46,0.48,0.48,0.5,0.49,0.5,0.5,0.49,0.49,0.48,0.46,0.44,0.43,0.39,0.36,0.33,0.22,0.21,0.19,0.18,0.16,0.13,0.09,0.0,0.0,0.0,0.0,0.0,0.0,0.0,0.0,0.0,0.0,0.0,0.0
0.0,0.0,0.0,0.0,0.0,0.0,0.0,0.0,0.0,0.0,0.0,0.0,0.0,0.0,0.0,0.0,0.0,0.0,0.0,0.0,0.036,0.048,0.102,0.128,0.136,0.136,0.134,0.156,0.168,0.173,0.195,0.165,0.175,0.171,0.167,0.151,0.121,0.07,0.04,0.05,0.07,0.09,0.095,0.1,0.1075,0.1325,0.1675,0.16,0.125,0.045,0.015,0.0,0.0,0.05,0.1,0.14,0.16,0.18,0.19,0.26,0.32,0.37,0.4,0.43,0.45,0.46,0.47,0.5,0.49,0.49,0.5,0.5,0.5,0.48,0.48,0.48,0.46,0.43,0.41,0.38,0.34,0.29,0.2,0.19,0.17,0.15,0.12,0.08,0.0,0.0,0.0,0.0,0.0,0.0,0.0,0.0,0.0,0.0,0.0,0.0
0.0,0.0,0.0,0.0,0.0,0.0,0.0,0.0,0.0,0.0,0.0,0.0,0.0,0.0,0.0,0.0,0.0,0.0,0.0,0.015,0.039,0.051,0.097,0.12,0.132,0.137,0.134,0.173,0.166,0.136,0.187,0.175,0.17,0.167,0.164,0.148,0.095,0.08,0.105,0.085,0.085,0.095,0.1,0.1,0.11,0.13,0.1525,0.135,0.0825,0.045,0.015,0.0,0.0,0.0,0.08,0.13,0.15,0.17,0.19,0.28,0.33,0.37,0.4,0.43,0.45,0.47,0.48,0.48,0.49,0.51,0.5,0.5,0.49,0.48,0.49,0.47,0.46,0.44,0.42,0.4,0.36,0.31,0.26,0.18,0.17,0.15,0.12,0.07,0.0,0.0,0.0,0.0,0.0,0.0,0.0,0.0,0.0,0.0,0.0,0.0
0.0,0.0,0.0,0.0,0.0,0.0,0.0,0.0,0.0,0.0,0.0,0.0,0.0,0.0,0.0,0.0,0.0,0.0,0.0,0.021,0.039,0.051,0.089,0.113,0.128,0.133,0.167,0.185,0.171,0.144,0.161,0.177,0.156,0.163,0.156,0.128,0.095,0.12,0.14,0.14,0.095,0.1,0.1,0.095,0.105,0.12,0.125,0.09,0.0825,0.045,0.015,0.0,0.0,0.0,0.05,0.1,0.14,0.16,0.2,0.29,0.34,0.37,0.4,0.43,0.44,0.47,0.48,0.49,0.49,0.49,0.5,0.5,0.51,0.49,0.49,0.47,0.45,0.45,0.43,0.41,0.37,0.34,0.29,0.21,0.16,0.13,0.11,0.06,0.0,0.0,0.0,0.0,0.0,0.0,0.0,0.0,0.0,0.0,0.0,0.0
0.0,0.0,0.0,0.0,0.0,0.0,0.0,0.0,0.0,0.0,0.0,0.0,0.0,0.0,0.0,0.0,0.0,0.0,0.0,0.027,0.045,0.051,0.073,0.112,0.128,0.145,0.175,0.186,0.172,0.152,0.14,0.164,0.142,0.149,0.139,0.1,0.115,0.16,0.17,0.165,0.135,0.1,0.095,0.09,0.09,0.1,0.075,0.0975,0.075,0.0525,0.015,0.0,0.0,0.0,0.0,0.08,0.12,0.15,0.24,0.29,0.34,0.37,0.41,0.42,0.45,0.46,0.48,0.48,0.49,0.51,0.49,0.5,0.5,0.49,0.49,0.47,0.47,0.45,0.43,0.4,0.39,0.35,0.31,0.25,0.15,0.12,0.09,0.01,0.0,0.0,0.0,0.0,0.0,0.0,0.0,0.0,0.0,0.0,0.0,0.0
0.0,0.0,0.0,0.0,0.0,0.0,0.0,0.0,0.0,0.0,0.0,0.0,0.0,0.0,0.0,0.0,0.0,0.0,0.0,0.027,0.045,0.054,0.057,0.1,0.124,0.165,0.191,0.194,0.177,0.152,0.144,0.124,0.138,0.131,0.118,0.095,0.16,0.18,0.185,0.185,0.165,0.125,0.09,0.08,0.075,0.055,0.075,0.0975,0.075,0.0525,0.015,0.0,0.0,0.0,0.0,0.05,0.1,0.13,0.25,0.3,0.34,0.38,0.4,0.44,0.44,0.46,0.47,0.49,0.49,0.5,0.5,0.5,0.49,0.49,0.49,0.48,0.47,0.45,0.43,0.42,0.38,0.36,0.31,0.28,0.2,0.12,0.08,0.0,0.0,0.0,0.0,0.0,0.0,0.0,0.0,0.0,0.0,0.0,0.0,0.0
0.0,0.0,0.0,0.0,0.0,0.0,0.0,0.0,0.0,0.0,0.0,0.0,0.0,0.0,0.0,0.0,0.0,0.0,0.0,0.03,0.045,0.054,0.06,0.088,0.124,0.173,0.191,0.198,0.178,0.156,0.144,0.132,0.096,0.104,0.08,0.145,0.17,0.19,0.19,0.19,0.18,0.15,0.085,0.065,0.045,0.045,0.075,0.0975,0.0825,0.045,0.015,0.0,0.0,0.0,0.0,0.0,0.08,0.18,0.24,0.31,0.34,0.38,0.4,0.43,0.44,0.46,0.47,0.48,0.48,0.49,0.5,0.5,0.5,0.5,0.5,0.48,0.47,0.45,0.43,0.42,0.38,0.37,0.33,0.28,0.22,0.11,0.05,0.0,0.0,0.0,0.0,0.0,0.0,0.0,0.0,0.0,0.0,0.0,0.0,0.0
0.0,0.0,0.0,0.0,0.0,0.0,0.0,0.0,0.0,0.0,0.0,0.0,0.0,0.0,0.0,0.0,0.0,0.0,0.0,0.03,0.045,0.054,0.06,0.06,0.144,0.174,0.192,0.198,0.178,0.16,0.148,0.132,0.104,0.057,0.11,0.16,0.18,0.19,0.19,0.19,0.18,0.16,0.13,0.045,0.015,0.045,0.075,0.105,0.075,0.045,0.015,0.0,0.0,0.0,0.0,0.0,0.05,0.18,0.25,0.31,0.34,0.38,0.41,0.42,0.45,0.46,0.46,0.49,0.5,0.5,0.5,0.5,0.5,0.5,0.48,0.48,0.47,0.45,0.44,0.41,0.4,0.36,0.32,0.28,0.22,0.14,0.0,0.0,0.0,0.0,0.0,0.0,0.0,0.0,0.0,0.0,0.0,0.0,0.0,0.0
0.0,0.0,0.0,0.0,0.0,0.0,0.0,0.0,0.0,0.0,0.0,0.0,0.0,0.0,0.0,0.0,0.0,0.0,0.0,0.03,0.045,0.054,0.06,0.06,0.144,0.181,0.188,0.191,0.178,0.156,0.148,0.132,0.104,0.062,0.105,0.155,0.18,0.195,0.2,0.195,0.185,0.16,0.12,0.04,0.015,0.045,0.075,0.105,0.075,0.045,0.015,0.0,0.0,0.0,0.0,0.0,0.05,0.2,0.25,0.3,0.34,0.38,0.41,0.42,0.45,0.46,0.47,0.48,0.49,0.5,0.5,0.5,0.5,0.48,0.48,0.48,0.48,0.44,0.44,0.41,0.4,0.36,0.33,0.29,0.23,0.14,0.0,0.0,0.0,0.0,0.0,0.0,0.0,0.0,0.0,0.0,0.0,0.0,0.0,0.0
0.0,0.0,0.0,0.0,0.0,0.0,0.0,0.0,0.0,0.0,0.0,0.0,0.0,0.0,0.0,0.0,0.0,0.0,0.0,0.03,0.045,0.054,0.057,0.092,0.128,0.173,0.191,0.191,0.178,0.156,0.152,0.128,0.1,0.104,0.08,0.14,0.175,0.19,0.2,0.19,0.18,0.15,0.08,0.07,0.0375,0.045,0.075,0.105,0.075,0.045,0.015,0.0,0.0,0.0,0.0,0.0,0.08,0.18,0.25,0.3,0.35,0.36,0.4,0.43,0.45,0.46,0.48,0.48,0.49,0.5,0.5,0.5,0.5,0.5,0.49,0.48,0.47,0.45,0.44,0.42,0.38,0.36,0.32,0.28,0.22,0.11,0.05,0.0,0.0,0.0,0.0,0.0,0.0,0.0,0.0,0.0,0.0,0.0,0.0,0.0
0.0,0.0,0.0,0.0,0.0,0.0,0.0,0.0,0.0,0.0,0.0,0.0,0.0,0.0,0.0,0.0,0.0,0.0,0.0,0.027,0.045,0.051,0.057,0.1,0.12,0.165,0.191,0.187,0.177,0.156,0.144,0.128,0.138,0.127,0.118,0.1,0.155,0.18,0.18,0.18,0.165,0.13,0.09,0.08,0.075,0.055,0.075,0.0975,0.0825,0.045,0.015,0.0,0.0,0.0,0.0,0.05,0.1,0.14,0.24,0.3,0.34,0.38,0.4,0.42,0.45,0.46,0.47,0.49,0.5,0.5,0.5,0.49,0.5,0.49,0.49,0.48,0.47,0.45,0.43,0.41,0.39,0.35,0.32,0.27,0.2,0.12,0.08,0.0,0.0,0.0,0.0,0.0,0.0,0.0,0.0,0.0,0.0,0.0,0.0,0.0
0.0,0.0,0.0,0.0,0.0,0.0,0.0,0.0,0.0,0.0,0.0,0.0,0.0,0.0,0.0,0.0,0.0,0.0,0.0,0.027,0.045,0.051,0.073,0.112,0.125,0.141,0.175,0.186,0.172,0.152,0.14,0.164,0.142,0.154,0.143,0.1,0.115,0.16,0.175,0.165,0.135,0.1,0.095,0.09,0.09,0.1,0.075,0.0975,0.075,0.0525,0.015,0.0,0.0,0.0,0.0,0.08,0.12,0.15,0.24,0.29,0.34,0.37,0.4,0.42,0.45,0.46,0.48,0.48,0.5,0.49,0.5,0.5,0.5,0.49,0.49,0.48,0.47,0.44,0.43,0.4,0.39,0.36,0.31,0.25,0.16,0.13,0.09,0.01,0.0,0.0,0.0,0.0,0.0,0.0,0.0,0.0,0.0,0.0,0.0,0.0
0.0,0.0,0.0,0.0,0.0,0.0,0.0,0.0,0.0,0.0,0.0,0.0,0.0,0.0,0.0,0.0,0.0,0.0,0.0,0.021,0.042,0.051,0.089,0.116,0.132,0.133,0.167,0.185,0.175,0.148,0.156,0.172,0.156,0.158,0.156,0.128,0.1,0.12,0.15,0.13,0.09,0.1,0.1,0.1,0.0975,0.115,0.125,0.0975,0.0825,0.0525,0.015,0.0,0.0,0.0,0.05,0.1,0.14,0.15,0.21,0.29,0.34,0.37,0.4,0.43,0.44,0.47,0.48,0.48,0.49,0.49,0.51,0.5,0.51,0.49,0.49,0.48,0.45,0.44,0.42,0.39,0.37,0.34,0.29,0.21,0.16,0.13,0.1,0.06,0.0,0.0,0.0,0.0,0.0,0.0,0.0,0.0,0.0,0.0,0.0,0.0
0.0,0.0,0.0,0.0,0.0,0.0,0.0,0.0,0.0,0.0,0.0,0.0,0.0,0.0,0.0,0.0,0.0,0.0,0.0,0.018,0.039,0.048,0.098,0.12,0.132,0.136,0.134,0.173,0.17,0.14,0.187,0.18,0.17,0.172,0.164,0.148,0.09,0.08,0.1,0.09,0.085,0.095,0.095,0.095,0.11,0.13,0.15,0.135,0.0825,0.0525,0.015,0.0,0.0,0.0,0.09,0.12,0.15,0.17,0.19,0.27,0.33,0.37,0.41,0.43,0.45,0.46,0.48,0.49,0.5,0.5,0.5,0.49,0.49,0.49,0.48,0.47,0.46,0.44,0.41,0.4,0.36,0.32,0.27,0.18,0.17,0.14,0.12,0.07,0.0,0.0,0.0,0.0,0.0,0.0,0.0,0.0,0.0,0.0,0.0,0.0
0.0,0.0,0.0,0.0,0.0,0.0,0.0,0.0,0.0,0.0,0.0,0.0,0.0,0.0,0.0,0.0,0.0,0.0,0.0,0.0,0.036,0.048,0.102,0.124,0.136,0.136,0.134,0.156,0.164,0.177,0.19,0.165,0.175,0.18,0.172,0.151,0.121,0.07,0.04,0.05,0.07,0.09,0.1,0.1,0.1075,0.135,0.1625,0.16,0.13,0.045,0.015,0.0,0.0,0.05,0.1,0.14,0.16,0.18,0.19,0.26,0.33,0.37,0.4,0.43,0.45,0.46,0.47,0.49,0.48,0.5,0.5,0.5,0.5,0.48,0.49,0.47,0.46,0.42,0.41,0.39,0.34,0.28,0.2,0.19,0.17,0.15,0.13,0.08,0.0,0.0,0.0,0.0,0.0,0.0,0.0,0.0,0.0,0.0,0.0,0.0
0.0,0.0,0.0,0.0,0.0,0.0,0.0,0.0,0.0,0.0,0.0,0.0,0.0,0.0,0.0,0.0,0.0,0.0,0.0,0.0,0.033,0.069,0.11,0.124,0.132,0.14,0.137,0.128,0.18,0.197,0.197,0.171,0.175,0.18,0.171,0.153,0.127,0.075,0.0,0.0,0.055,0.075,0.09,0.095,0.1075,0.14,0.1775,0.175,0.155,0.0775,0.015,0.0,0.0,0.09,0.13,0.15,0.17,0.2,0.21,0.22,0.32,0.37,0.41,0.42,0.45,0.46,0.48,0.48,0.5,0.49,0.5,0.51,0.49,0.49,0.47,0.47,0.44,0.43,0.4,0.37,0.32,0.22,0.2,0.19,0.18,0.15,0.13,0.09,0.0,0.0,0.0,0.0,0.0,0.0,0.0,0.0,0.0,0.0,0.0,0.0
0.0,0.0,0.0,0.0,0.0,0.0,0.0,0.0,0.0,0.0,0.0,0.0,0.0,0.0,0.0,0.0,0.0,0.0,0.0,0.0,0.027,0.077,0.107,0.125,0.136,0.14,0.137,0.127,0.185,0.204,0.19,0.171,0.176,0.18,0.171,0.153,0.125,0.069,0.0,0.0,0.0,0.055,0.08,0.09,0.1075,0.145,0.1825,0.1725,0.1625,0.1125,0.02,0.0,0.07,0.12,0.15,0.16,0.19,0.2,0.21,0.22,0.29,0.35,0.39,0.43,0.43,0.47,0.48,0.49,0.49,0.51,0.5,0.49,0.49,0.48,0.47,0.46,0.44,0.41,0.39,0.34,0.28,0.23,0.21,0.2,0.18,0.16,0.14,0.1,0.03,0.0,0.0,0.0,0.0,0.0,0.0,0.0,0.0,0.0,0.0,0.0
0.0,0.0,0.0,0.0,0.0,0.0,0.0,0.0,0.0,0.0,0.0,0.0,0.0,0.0,0.0,0.0,0.0,0.0,0.0,0.0,0.018,0.075,0.111,0.125,0.136,0.14,0.133,0.17,0.183,0.203,0.179,0.168,0.176,0.18,0.17,0.146,0.113,0.056,0.032,0.0,0.0,0.01,0.06,0.08,0.0975,0.145,0.1825,0.1825,0.1725,0.1325,0.075,0.0,0.1,0.13,0.16,0.18,0.19,0.22,0.23,0.24,0.28,0.36,0.4,0.42,0.44,0.47,0.48,0.49,0.5,0.5,0.5,0.5,0.49,0.48,0.47,0.45,0.43,0.4,0.38,0.31,0.24,0.23,0.22,0.2,0.19,0.16,0.14,0.1,0.04,0.0,0.0,0.0,0.0,0.0,0.0,0.0,0.0,0.0,0.0,0.0
0.0,0.0,0.0,0.0,0.0,0.0,0.0,0.0,0.0,0.0,0.0,0.0,0.0,0.0,0.0,0.0,0.0,0.0,0.0,0.0,0.0,0.08,0.108,0.126,0.14,0.14,0.14,0.186,0.192,0.178,0.16,0.164,0.172,0.17,0.16,0.14,0.072,0.064,0.048,0.016,0.0,0.0,0.025,0.065,0.085,0.14,0.1825,0.1825,0.1775,0.15,0.09,0.12,0.12,0.15,0.18,0.2,0.21,0.22,0.23,0.25,0.26,0.34,0.39,0.42,0.45,0.46,0.47,0.48,0.49,0.5,0.49,0.49,0.49,0.47,0.47,0.43,0.41,0.38,0.33,0.25,0.24,0.23,0.22,0.2,0.19,0.17,0.14,0.11,0.04,0.0,0.0,0.0,0.0,0.0,0.0,0.0,0.0,0.0,0.0,0.0
0.0,0.0,0.0,0.0,0.0,0.0,0.0,0.0,0.0,0.0,0.0,0.0,0.0,0.0,0.0,0.0,0.0,0.0,0.0,0.0,0.0,0.075,0.106,0.126,0.137,0.14,0.185,0.204,0.2,0.185,0.148,0.148,0.159,0.157,0.15,0.115,0.08,0.072,0.064,0.044,0.0,0.0,0.0,0.035,0.065,0.1225,0.17,0.1775,0.1825,0.155,0.13,0.175,0.185,0.17,0.19,0.21,0.23,0.24,0.24,0.25,0.26,0.34,0.39,0.42,0.44,0.47,0.48,0.49,0.5,0.5,0.49,0.49,0.48,0.47,0.44,0.43,0.4,0.34,0.26,0.25,0.24,0.24,0.23,0.21,0.2,0.17,0.15,0.1,0.04,0.0,0.0,0.0,0.0,0.0,0.0,0.0,0.0,0.0,0.0,0.0
0.0,0.0,0.0,0.0,0.0,0.0,0.0,0.0,0.0,0.0,0.0,0.0,0.0,0.0,0.0,0.0,0.0,0.0,0.0,0.0,0.0,0.063,0.103,0.123,0.133,0.147,0.196,0.209,0.205,0.189,0.133,0.132,0.146,0.148,0.136,0.08,0.08,0.076,0.072,0.056,0.032,0.0,0.0,0.0,0.045,0.12,0.16,0.17,0.1775,0.1625,0.19,0.215,0.235,0.225,0.2,0.22,0.23,0.24,0.26,0.26,0.27,0.32,0.38,0.42,0.45,0.47,0.47,0.49,0.49,0.5,0.49,0.49,0.48,0.46,0.43,0.41,0.36,0.26,0.26,0.25,0.25,0.24,0.23,0.21,0.19,0.18,0.14,0.11,0.04,0.0,0.0,0.0,0.0,0.0,0.0,0.0,0.0,0.0,0.0,0.0
0.0,0.0,0.0,0.0,0.0,0.0,0.0,0.0,0.0,0.0,0.0,0.0,0.0,0.0,0.0,0.0,0.0,0.0,0.0,0.0,0.012,0.052,0.101,0.121,0.13,0.182,0.211,0.217,0.212,0.192,0.139,0.11,0.125,0.125,0.107,0.08,0.08,0.08,0.076,0.064,0.052,0.024,0.0,0.0,0.0,0.09,0.1575,0.16,0.1775,0.225,0.2275,0.245,0.265,0.265,0.255,0.23,0.25,0.25,0.26,0.26,0.27,0.27,0.38,0.41,0.44,0.47,0.47,0.49,0.49,0.49,0.48,0.47,0.46,0.44,0.4,0.37,0.28,0.27,0.27,0.26,0.25,0.24,0.23,0.21,0.19,0.17,0.15,0.1,0.02,0.0,0.0,0.0,0.0,0.0,0.0,0.0,0.0,0.0,0.0,0.0
0.0,0.0,0.0,0.0,0.0,0.0,0.0,0.0,0.0,0.0,0.0,0.0,0.0,0.0,0.0,0.0,0.0,0.0,0.0,0.0,0.012,0.048,0.085,0.114,0.141,0.197,0.22,0.222,0.221,0.198,0.142,0.12,0.08,0.103,0.064,0.072,0.08,0.08,0.08,0.072,0.064,0.048,0.0,0.0,0.0,0.0375,0.1375,0.15,0.16,0.2675,0.2625,0.265,0.295,0.305,0.305,0.265,0.25,0.26,0.27,0.27,0.28,0.28,0.37,0.42,0.45,0.47,0.48,0.48,0.49,0.48,0.49,0.47,0.45,0.42,0.38,0.28,0.28,0.27,0.27,0.27,0.25,0.25,0.23,0.22,0.2,0.18,0.14,0.1,0.0,0.0,0.0,0.0,0.0,0.0,0.0,0.0,0.0,0.0,0.0,0.0
0.0,0.0,0.0,0.0,0.0,0.0,0.0,0.0,0.0,0.0,0.0,0.0,0.0,0.0,0.0,0.0,0.0,0.0,0.0,0.0,0.016,0.048,0.064,0.105,0.17,0.207,0.222,0.227,0.221,0.201,0.146,0.124,0.079,0.06,0.052,0.068,0.076,0.08,0.08,0.076,0.072,0.06,0.044,0.0,0.0,0.0375,0.075,0.13,0.22,0.3,0.2775,0.29,0.305,0.325,0.325,0.325,0.275,0.28,0.28,0.28,0.28,0.28,0.35,0.41,0.44,0.46,0.48,0.48,0.47,0.48,0.46,0.45,0.42,0.38,0.28,0.28,0.28,0.28,0.27,0.27,0.25,0.25,0.23,0.22,0.2,0.17,0.14,0.09,0.0,0.0,0.0,0.0,0.0,0.0,0.0,0.0,0.0,0.0,0.0,0.0
0.0,0.0,0.0,0.0,0.0,0.0,0.0,0.0,0.0,0.0,0.0,0.0,0.0,0.0,0.0,0.0,0.0,0.0,0.0,0.0,0.008,0.048,0.064,0.1,0.182,0.211,0.223,0.232,0.224,0.204,0.144,0.122,0.087,0.0,0.032,0.056,0.068,0.076,0.076,0.08,0.076,0.068,0.06,0.036,0.0,0.0375,0.075,0.0825,0.235,0.315,0.2925,0.305,0.33,0.335,0.35,0.35,0.325,0.28,0.29,0.29,0.29,0.29,0.34,0.4,0.43,0.46,0.46,0.48,0.48,0.47,0.45,0.42,0.39,0.29,0.29,0.29,0.29,0.29,0.28,0.27,0.26,0.25,0.24,0.22,0.2,0.17,0.14,0.08,0.0,0.0,0.0,0.0,0.0,0.0,0.0,0.0,0.0,0.0,0.0,0.0
0.0,0.0,0.0,0.0,0.0,0.0,0.0,0.0,0.0,0.0,0.0,0.0,0.0,0.0,0.0,0.0,0.0,0.0,0.0,0.0,0.0,0.044,0.064,0.111,0.174,0.21,0.225,0.233,0.22,0.196,0.142,0.126,0.084,0.009,0.0,0.04,0.06,0.072,0.076,0.08,0.08,0.076,0.068,0.052,0.024,0.0375,0.075,0.155,0.235,0.315,0.31,0.31,0.34,0.36,0.37,0.36,0.37,0.345,0.29,0.3,0.3,0.29,0.3,0.39,0.43,0.45,0.46,0.46,0.46,0.44,0.43,0.38,0.29,0.29,0.29,0.29,0.29,0.29,0.28,0.28,0.26,0.26,0.24,0.22,0.2,0.17,0.13,0.05,0.0,0.0,0.0,0.0,0.0,0.0,0.0,0.0,0.0,0.0,0.0,0.0
0.0,0.0,0.0,0.0,0.0,0.0,0.0,0.0,0.0,0.0,0.0,0.0,0.0,0.0,0.0,0.0,0.0,0.0,0.0,0.0,0.0,0.044,0.064,0.122,0.178,0.212,0.231,0.229,0.224,0.198,0.148,0.119,0.075,0.03,0.0,0.0,0.044,0.064,0.072,0.08,0.08,0.08,0.072,0.064,0.048,0.0345,0.105,0.205,0.245,0.305,0.32,0.325,0.355,0.37,0.38,0.385,0.39,0.375,0.35,0.29,0.29,0.29,0.28,0.39,0.42,0.44,0.45,0.45,0.44,0.42,0.37,0.29,0.3,0.3,0.3,0.3,0.29,0.29,0.29,0.28,0.27,0.26,0.24,0.22,0.19,0.16,0.12,0.0,0.0,0.0,0.0,0.0,0.0,0.0,0.0,0.0,0.0,0.0,0.0,0.0
0.0,0.0,0.0,0.0,0.0,0.0,0.0,0.0,0.0,0.0,0.0,0.0,0.0,0.0,0.0,0.0,0.0,0.0,0.0,0.0,0.0,0.04,0.079,0.137,0.165,0.208,0.22,0.226,0.216,0.198,0.152,0.112,0.051,0.039,0.015,0.0,0.012,0.052,0.068,0.076,0.076,0.08,0.076,0.076,0.06,0.0665,0.175,0.225,0.265,0.295,0.32,0.325,0.355,0.375,0.395,0.395,0.405,0.395,0.375,0.345,0.3,0.29,0.28,0.39,0.42,0.44,0.44,0.43,0.41,0.37,0.28,0.29,0.3,0.3,0.3,0.31,0.31,0.3,0.3,0.28,0.27,0.25,0.24,0.22,0.19,0.15,0.09,0.0,0.0,0.0,0.0,0.0,0.0,0.0,0.0,0.0,0.0,0.0,0.0,0.0
0.0,0.0,0.0,0.0,0.0,0.0,0.0,0.0,0.0,0.0,0.0,0.0,0.0,0.0,0.0,0.0,0.0,0.0,0.0,0.0,0.0,0.036,0.1,0.138,0.161,0.187,0.216,0.224,0.217,0.202,0.158,0.105,0.054,0.048,0.03,0.0,0.0,0.024,0.052,0.064,0.072,0.08,0.08,0.08,0.072,0.13,0.255,0.255,0.285,0.315,0.32,0.32,0.36,0.39,0.405,0.41,0.42,0.405,0.395,0.37,0.34,0.29,0.28,0.35,0.41,0.41,0.43,0.4,0.35,0.28,0.29,0.3,0.31,0.31,0.32,0.31,0.31,0.3,0.3,0.29,0.27,0.26,0.24,0.21,0.18,0.14,0.05,0.0,0.0,0.0,0.0,0.0,0.0,0.0,0.0,0.0,0.0,0.0,0.0,0.0
0.0,0.0,0.0,0.0,0.0,0.0,0.0,0.0,0.0,0.0,0.0,0.0,0.0,0.0,0.0,0.0,0.0,0.0,0.0,0.0,0.0,0.032,0.106,0.143,0.166,0.175,0.207,0.221,0.214,0.197,0.161,0.09,0.057,0.051,0.042,0.024,0.0,0.0,0.028,0.056,0.068,0.076,0.08,0.08,0.076,0.188,0.315,0.321,0.315,0.335,0.355,0.29,0.355,0.385,0.41,0.415,0.42,0.42,0.405,0.395,0.365,0.315,0.27,0.34,0.39,0.39,0.37,0.32,0.27,0.28,0.3,0.31,0.32,0.31,0.32,0.32,0.31,0.32,0.3,0.29,0.28,0.25,0.24,0.21,0.17,0.12,0.0,0.0,0.0,0.0,0.0,0.0,0.0,0.0,0.0,0.0,0.0,0.0,0.0,0.0
0.0,0.0,0.0,0.0,0.0,0.0,0.0,0.0,0.0,0.0,0.0,0.0,0.0,0.0,0.0,0.0,0.0,0.0,0.0,0.0,0.0,0.024,0.107,0.139,0.167,0.175,0.18,0.208,0.215,0.189,0.152,0.06,0.06,0.057,0.048,0.036,0.009,0.0,0.0,0.036,0.056,0.072,0.076,0.08,0.16,0.236,0.343,0.361,0.367,0.355,0.365,0.31,0.31,0.38,0.41,0.42,0.43,0.42,0.42,0.4,0.38,0.33,0.265,0.31,0.35,0.35,0.29,0.26,0.28,0.29,0.31,0.31,0.32,0.33,0.33,0.33,0.32,0.32,0.31,0.3,0.27,0.26,0.23,0.2,0.15,0.07,0.0,0.0,0.0,0.0,0.0,0.0,0.0,0.0,0.0,0.0,0.0,0.0,0.0,0.0
0.0,0.0,0.0,0.0,0.0,0.0,0.0,0.0,0.0,0.0,0.0,0.0,0.0,0.0,0.0,0.0,0.0,0.0,0.0,0.0,0.0,0.03,0.113,0.144,0.167,0.18,0.18,0.193,0.198,0.187,0.152,0.06,0.06,0.06,0.054,0.048,0.03,0.0,0.0,0.0,0.044,0.06,0.068,0.086,0.22,0.266,0.381,0.403,0.407,0.395,0.395,0.33,0.34,0.345,0.405,0.415,0.435,0.425,0.42,0.395,0.37,0.335,0.295,0.26,0.3,0.24,0.24,0.27,0.28,0.31,0.32,0.33,0.34,0.33,0.34,0.33,0.32,0.33,0.32,0.29,0.28,0.25,0.22,0.19,0.12,0.0,0.0,0.0,0.0,0.0,0.0,0.0,0.0,0.0,0.0,0.0,0.0,0.0,0.0,0.0
0.0,0.0,0.0,0.0,0.0,0.0,0.0,0.0,0.0,0.0,0.0,0.0,0.0,0.0,0.0,0.0,0.0,0.0,0.0,0.0,0.0,0.04,0.11,0.145,0.163,0.176,0.18,0.171,0.193,0.18,0.143,0.081,0.06,0.06,0.057,0.051,0.042,0.024,0.0,0.0,0.0,0.044,0.064,0.182,0.26,0.31,0.415,0.437,0.439,0.443,0.417,0.34,0.35,0.34,0.38,0.41,0.42,0.42,0.4,0.39,0.36,0.33,0.26,0.26,0.16,0.21,0.25,0.28,0.3,0.32,0.33,0.33,0.34,0.35,0.34,0.34,0.34,0.33,0.31,0.3,0.27,0.25,0.21,0.16,0.06,0.0,0.0,0.0,0.0,0.0,0.0,0.0,0.0,0.0,0.0,0.0,0.0,0.0,0.0,0.0
0.0,0.0,0.0,0.0,0.0,0.0,0.0,0.0,0.0,0.0,0.0,0.0,0.0,0.0,0.0,0.0,0.0,0.0,0.0,0.0,0.0,0.045,0.107,0.141,0.163,0.176,0.18,0.175,0.165,0.17,0.136,0.09,0.057,0.06,0.057,0.057,0.051,0.039,0.015,0.0,0.0,0.0,0.118,0.224,0.292,0.33,0.435,0.465,0.477,0.479,0.473,0.35,0.36,0.36,0.35,0.385,0.4,0.395,0.395,0.37,0.34,0.295,0.215,0.15,0.21,0.22,0.26,0.29,0.31,0.32,0.34,0.35,0.36,0.35,0.35,0.35,0.35,0.33,0.32,0.29,0.27,0.24,0.19,0.12,0.0,0.0,0.0,0.0,0.0,0.0,0.0,0.0,0.0,0.0,0.0,0.0,0.0,0.0,0.0,0.0
0.0,0.0,0.0,0.0,0.0,0.0,0.0,0.0,0.0,0.0,0.0,0.0,0.0,0.0,0.0,0.0,0.0,0.0,0.0,0.0,0.0,0.055,0.087,0.138,0.159,0.176,0.18,0.175,0.161,0.14,0.128,0.092,0.057,0.057,0.06,0.057,0.057,0.045,0.033,0.0,0.0,0.0,0.16,0.262,0.328,0.356,0.461,0.485,0.491,0.497,0.505,0.404,0.37,0.37,0.35,0.34,0.385,0.385,0.365,0.335,0.29,0.205,0.095,0.165,0.235,0.26,0.27,0.29,0.32,0.34,0.35,0.36,0.36,0.36,0.37,0.36,0.34,0.33,0.31,0.29,0.26,0.22,0.16,0.02,0.0,0.0,0.0,0.0,0.0,0.0,0.0,0.0,0.0,0.0,0.0,0.0,0.0,0.0,0.0,0.0
0.0,0.0,0.0,0.0,0.0,0.0,0.0,0.0,0.0,0.0,0.0,0.0,0.0,0.0,0.0,0.0,0.0,0.0,0.0,0.0,0.0,0.06,0.08,0.13,0.16,0.172,0.176,0.17,0.16,0.136,0.099,0.091,0.075,0.057,0.06,0.06,0.057,0.054,0.045,0.03,0.0,0.1,0.19,0.278,0.332,0.388,0.4835,0.5085,0.525,0.531,0.523,0.44,0.406,0.37,0.36,0.34,0.31,0.35,0.32,0.27,0.19,0.1,0.1,0.18,0.26,0.3,0.28,0.31,0.34,0.36,0.36,0.37,0.38,0.38,0.38,0.37,0.35,0.34,0.32,0.28,0.25,0.19,0.1,0.0,0.0,0.0,0.0,0.0,0.0,0.0,0.0,0.0,0.0,0.0,0.0,0.0,0.0,0.0,0.0,0.0
0.0,0.0,0.0,0.0,0.0,0.0,0.0,0.0,0.0,0.0,0.0,0.0,0.0,0.0,0.0,0.0,0.0,0.0,0.0,0.0,0.0,0.06,0.08,0.118,0.156,0.168,0.176,0.17,0.16,0.136,0.072,0.087,0.082,0.051,0.057,0.06,0.06,0.057,0.051,0.042,0.024,0.16,0.24,0.28,0.342,0.396,0.4805,0.531,0.535,0.545,0.541,0.4655,0.44,0.396,0.34,0.32,0.29,0.275,0.24,0.14,0.09,0.1,0.1,0.2,0.29,0.34,0.34,0.33,0.35,0.36,0.38,0.39,0.39,0.39,0.38,0.38,0.36,0.34,0.31,0.27,0.22,0.14,0.0,0.0,0.0,0.0,0.0,0.0,0.0,0.0,0.0,0.0,0.0,0.0,0.0,0.0,0.0,0.0,0.0,0.0
0.0,0.0,0.0,0.0,0.0,0.0,0.0,0.0,0.0,0.0,0.0,0.0,0.0,0.0,0.0,0.0,0.0,0.0,0.0,0.0,0.0,0.06,0.08,0.095,0.139,0.16,0.167,0.171,0.155,0.131,0.076,0.064,0.078,0.049,0.054,0.057,0.06,0.06,0.057,0.051,0.169,0.235,0.28,0.32,0.34,0.406,0.5025,0.533,0.5685,0.565,0.555,0.481,0.448,0.416,0.362,0.29,0.25,0.17,0.04,0.07,0.09,0.095,0.1,0.22,0.32,0.36,0.38,0.39,0.37,0.38,0.4,0.4,0.4,0.4,0.39,0.38,0.35,0.33,0.3,0.25,0.18,0.0,0.0,0.0,0.0,0.0,0.0,0.0,0.0,0.0,0.0,0.0,0.0,0.0,0.0,0.0,0.0,0.0,0.0,0.0
0.0,0.0,0.0,0.0,0.0,0.0,0.0,0.0,0.0,0.0,0.0,0.0,0.0,0.0,0.0,0.0,0.0,0.0,0.0,0.0,0.01,0.06,0.08,0.095,0.132,0.156,0.167,0.166,0.16,0.135,0.076,0.072,0.056,0.065,0.045,0.057,0.057,0.06,0.057,0.107,0.238,0.306,0.313,0.35,0.38,0.4,0.4875,0.555,0.5705,0.571,0.5625,0.4925,0.446,0.408,0.352,0.274,0.17,0.0,0.0,0.05,0.075,0.09,0.1,0.24,0.34,0.38,0.41,0.44,0.42,0.41,0.41,0.41,0.41,0.41,0.4,0.38,0.36,0.32,0.28,0.22,0.1,0.0,0.0,0.0,0.0,0.0,0.0,0.0,0.0,0.0,0.0,0.0,0.0,0.0,0.0,0.0,0.0,0.0,0.0,0.0
0.0,0.0,0.0,0.0,0.0,0.0,0.0,0.0,0.0,0.0,0.0,0.0,0.0,0.0,0.0,0.0,0.0,0.0,0.0,0.0,0.01,0.06,0.08,0.09,0.1,0.148,0.164,0.166,0.156,0.14,0.076,0.076,0.064,0.053,0.039,0.051,0.057,0.057,0.06,0.217,0.314,0.355,0.383,0.38,0.4,0.42,0.4675,0.5565,0.5725,0.567,0.5685,0.49,0.426,0.386,0.318,0.202,0.02,0.0,0.0,0.0,0.06,0.08,0.09,0.27,0.36,0.42,0.45,0.46,0.46,0.42,0.43,0.43,0.43,0.42,0.4,0.38,0.35,0.31,0.25,0.15,0.0,0.0,0.0,0.0,0.0,0.0,0.0,0.0,0.0,0.0,0.0,0.0,0.0,0.0,0.0,0.0,0.0,0.0,0.0,0.0
0.0,0.0,0.0,0.0,0.0,0.0,0.0,0.0,0.0,0.0,0.0,0.0,0.0,0.0,0.0,0.0,0.0,0.0,0.0,0.0,0.0,0.06,0.08,0.09,0.1,0.132,0.156,0.162,0.156,0.14,0.08,0.076,0.068,0.056,0.05,0.039,0.051,0.057,0.17,0.29,0.367,0.404,0.435,0.45,0.43,0.44,0.48,0.5225,0.549,0.559,0.5485,0.466,0.39,0.326,0.206,0.064,0.048,0.0,0.0,0.0,0.03,0.07,0.08,0.29,0.38,0.44,0.48,0.5,0.5,0.49,0.45,0.45,0.44,0.43,0.4,0.37,0.33,0.27,0.19,0.0,0.0,0.0,0.0,0.0,0.0,0.0,0.0,0.0,0.0,0.0,0.0,0.0,0.0,0.0,0.0,0.0,0.0,0.0,0.0,0.0
0.0,0.0,0.0,0.0,0.0,0.0,0.0,0.0,0.0,0.0,0.0,0.0,0.0,0.0,0.0,0.0,0.0,0.0,0.0,0.0,0.0,0.055,0.075,0.095,0.095,0.1,0.143,0.159,0.152,0.14,0.08,0.08,0.072,0.064,0.048,0.024,0.042,0.054,0.267,0.35,0.41,0.45,0.484,0.492,0.484,0.46,0.49,0.525,0.517,0.5405,0.509,0.4295,0.32,0.19,0.08,0.072,0.064,0.044,0.0,0.0,0.0,0.05,0.14,0.32,0.405,0.46,0.5,0.525,0.535,0.53,0.495,0.46,0.45,0.43,0.4,0.36,0.3,0.22,0.0,0.0,0.0,0.0,0.0,0.0,0.0,0.0,0.0,0.0,0.0,0.0,0.0,0.0,0.0,0.0,0.0,0.0,0.0,0.0,0.0,0.0
0.0,0.0,0.0,0.0,0.0,0.0,0.0,0.0,0.0,0.0,0.0,0.0,0.0,0.0,0.0,0.0,0.0,0.0,0.0,0.0,0.0,0.055,0.075,0.09,0.095,0.1,0.132,0.151,0.148,0.141,0.095,0.08,0.076,0.068,0.06,0.036,0.027,0.205,0.331,0.407,0.46,0.49,0.517,0.521,0.522,0.501,0.4825,0.51,0.5025,0.4865,0.447,0.3415,0.132,0.08,0.08,0.08,0.072,0.06,0.04,0.0,0.0,0.0,0.21,0.35,0.44,0.49,0.53,0.55,0.56,0.56,0.54,0.47,0.45,0.42,0.39,0.33,0.25,0.09,0.0,0.0,0.0,0.0,0.0,0.0,0.0,0.0,0.0,0.0,0.0,0.0,0.0,0.0,0.0,0.0,0.0,0.0,0.0,0.0,0.0,0.0
0.0,0.0,0.0,0.0,0.0,0.0,0.0,0.0,0.0,0.0,0.0,0.0,0.0,0.0,0.0,0.0,0.0,0.0,0.0,0.0,0.0,0.05,0.08,0.09,0.1,0.1,0.1,0.138,0.144,0.142,0.11,0.08,0.08,0.072,0.064,0.048,0.058,0.28,0.385,0.454,0.497,0.53,0.55,0.547,0.541,0.529,0.5105,0.5,0.4725,0.4125,0.343,0.0895,0.068,0.076,0.08,0.08,0.076,0.068,0.06,0.036,0.0,0.0,0.235,0.375,0.465,0.515,0.555,0.575,0.585,0.585,0.565,0.515,0.45,0.41,0.36,0.29,0.15,0.0,0.0,0.0,0.0,0.0,0.0,0.0,0.0,0.0,0.0,0.0,0.0,0.0,0.0,0.0,0.0,0.0,0.0,0.0,0.0,0.0,0.0,0.0
0.0,0.0,0.0,0.0,0.0,0.0,0.0,0.0,0.0,0.0,0.0,0.0,0.0,0.0,0.0,0.0,0.0,0.0,0.0,0.0,0.0,0.045,0.07,0.085,0.095,0.1,0.1,0.119,0.137,0.138,0.111,0.08,0.08,0.076,0.072,0.06,0.25,0.33,0.433,0.485,0.534,0.56,0.57,0.57,0.564,0.538,0.5115,0.4775,0.4225,0.3225,0.075,0.081,0.0635,0.072,0.076,0.08,0.08,0.076,0.068,0.056,0.032,0.0,0.26,0.41,0.495,0.55,0.585,0.61,0.61,0.605,0.585,0.545,0.47,0.39,0.31,0.19,0.0,0.0,0.0,0.0,0.0,0.0,0.0,0.0,0.0,0.0,0.0,0.0,0.0,0.0,0.0,0.0,0.0,0.0,0.0,0.0,0.0,0.0,0.0,0.0
0.0,0.0,0.0,0.0,0.0,0.0,0.0,0.0,0.0,0.0,0.0,0.0,0.0,0.0,0.0,0.0,0.0,0.0,0.0,0.0,0.0,0.035,0.065,0.085,0.095,0.095,0.1,0.095,0.121,0.135,0.113,0.076,0.076,0.076,0.076,0.218,0.352,0.418,0.45,0.523,0.558,0.574,0.587,0.58,0.56,0.527,0.4905,0.4385,0.3285,0.0825,0.075,0.045,0.0475,0.06,0.072,0.076,0.08,0.08,0.076,0.068,0.052,0.194,0.31,0.42,0.51,0.57,0.6,0.62,0.63,0.62,0.59,0.54,0.47,0.35,0.23,0.0,0.0,0.0,0.0,0.0,0.0,0.0,0.0,0.0,0.0,0.0,0.0,0.0,0.0,0.0,0.0,0.0,0.0,0.0,0.0,0.0,0.0,0.0,0.0,0.0
0.0,0.0,0.0,0.0,0.0,0.0,0.0,0.0,0.0,0.0,0.0,0.0,0.0,0.0,0.0,0.0,0.0,0.0,0.0,0.0,0.0,0.02,0.065,0.08,0.09,0.1,0.1,0.1,0.098,0.123,0.114,0.076,0.08,0.08,0.076,0.342,0.444,0.494,0.5,0.52,0.576,0.588,0.584,0.58,0.54,0.49,0.429,0.3405,0.1185,0.09,0.075,0.045,0.015,0.044,0.064,0.072,0.08,0.08,0.08,0.072,0.064,0.298,0.386,0.44,0.535,0.595,0.625,0.645,0.64,0.62,0.585,0.525,0.44,0.295,0.0,0.0,0.0,0.0,0.0,0.0,0.0,0.0,0.0,0.0,0.0,0.0,0.0,0.0,0.0,0.0,0.0,0.0,0.0,0.0,0.0,0.0,0.0,0.0,0.0,0.0
0.0,0.0,0.0,0.0,0.0,0.0,0.0,0.0,0.0,0.0,0.0,0.0,0.0,0.0,0.0,0.0,0.0,0.0,0.0,0.0,0.0,0.0,0.06,0.08,0.09,0.1,0.1,0.1,0.09,0.112,0.116,0.073,0.076,0.08,0.3,0.436,0.512,0.546,0.566,0.55,0.569,0.586,0.588,0.564,0.51,0.43,0.325,0.099,0.123,0.123,0.0825,0.045,0.015,0.004,0.048,0.064,0.076,0.076,0.08,0.076,0.222,0.384,0.464,0.48,0.525,0.61,0.64,0.64,0.64,0.61,0.565,0.49,0.38,0.095,0.0,0.0,0.0,0.0,0.0,0.0,0.0,0.0,0.0,0.0,0.0,0.0,0.0,0.0,0.0,0.0,0.0,0.0,0.0,0.0,0.0,0.0,0.0,0.0,0.0,0.0
0.0,0.0,0.0,0.0,0.0,0.0,0.0,0.0,0.0,0.0,0.0,0.0,0.0,0.0,0.0,0.0,0.0,0.0,0.0,0.0,0.0,0.0,0.045,0.075,0.085,0.095,0.095,0.095,0.095,0.085,0.105,0.099,0.072,0.22,0.42,0.51,0.562,0.604,0.616,0.604,0.57,0.565,0.559,0.511,0.447,0.327,0.075,0.0945,0.129,0.135,0.1155,0.045,0.0225,0.0,0.024,0.056,0.064,0.072,0.08,0.08,0.35,0.472,0.534,0.56,0.55,0.61,0.64,0.66,0.625,0.6,0.53,0.425,0.235,0.07,0.04,0.0,0.0,0.0,0.0,0.0,0.0,0.0,0.0,0.0,0.0,0.0,0.0,0.0,0.0,0.0,0.0,0.0,0.0,0.0,0.0,0.0,0.0,0.0,0.0,0.0
0.0,0.0,0.0,0.0,0.0,0.0,0.0,0.0,0.0,0.0,0.0,0.0,0.0,0.0,0.0,0.0,0.0,0.0,0.0,0.0,0.0,0.0,0.035,0.07,0.085,0.095,0.1,0.1,0.095,0.09,0.074,0.098,0.064,0.362,0.49,0.57,0.62,0.642,0.644,0.628,0.57,0.54,0.498,0.439,0.331,0.057,0.0675,0.0975,0.132,0.1515,0.1275,0.0825,0.0225,0.0,0.0,0.032,0.056,0.068,0.076,0.26,0.44,0.526,0.588,0.62,0.616,0.58,0.64,0.64,0.615,0.555,0.47,0.295,0.095,0.075,0.055,0.0,0.0,0.0,0.0,0.0,0.0,0.0,0.0,0.0,0.0,0.0,0.0,0.0,0.0,0.0,0.0,0.0,0.0,0.0,0.0,0.0,0.0,0.0,0.0,0.0
0.0,0.0,0.0,0.0,0.0,0.0,0.0,0.0,0.0,0.0,0.0,0.0,0.0,0.0,0.0,0.0,0.0,0.0,0.0,0.0,0.0,0.0,0.0,0.06,0.08,0.09,0.1,0.1,0.1,0.09,0.08,0.084,0.306,0.464,0.552,0.62,0.65,0.67,0.672,0.636,0.59,0.5,0.43,0.331,0.042,0.051,0.0645,0.0975,0.12,0.1545,0.1365,0.105,0.0525,0.0,0.0,0.0,0.036,0.06,0.068,0.386,0.51,0.576,0.626,0.648,0.642,0.618,0.615,0.61,0.58,0.5,0.35,0.1,0.095,0.09,0.07,0.04,0.0,0.0,0.0,0.0,0.0,0.0,0.0,0.0,0.0,0.0,0.0,0.0,0.0,0.0,0.0,0.0,0.0,0.0,0.0,0.0,0.0,0.0,0.0,0.0
0.0,0.0,0.0,0.0,0.0,0.0,0.0,0.0,0.0,0.0,0.0,0.0,0.0,0.0,0.0,0.0,0.0,0.0,0.0,0.0,0.0,0.0,0.0,0.045,0.075,0.085,0.095,0.1,0.1,0.095,0.085,0.245,0.445,0.526,0.592,0.65,0.67,0.68,0.662,0.624,0.576,0.482,0.34,0.1,0.024,0.042,0.051,0.087,0.12,0.15,0.147,0.114,0.072,0.027,0.0,0.0,0.0,0.044,0.324,0.472,0.56,0.62,0.65,0.672,0.664,0.638,0.587,0.565,0.515,0.395,0.095,0.1,0.095,0.09,0.075,0.055,0.0,0.0,0.0,0.0,0.0,0.0,0.0,0.0,0.0,0.0,0.0,0.0,0.0,0.0,0.0,0.0,0.0,0.0,0.0,0.0,0.0,0.0,0.0,0.0
0.0,0.0,0.0,0.0,0.0,0.0,0.0,0.0,0.0,0.0,0.0,0.0,0.0,0.0,0.0,0.0,0.0,0.0,0.0,0.0,0.0,0.0,0.0,0.03,0.07,0.08,0.09,0.1,0.1,0.1,0.17,0.415,0.49,0.564,0.624,0.662,0.68,0.68,0.66,0.612,0.534,0.418,0.206,0.0,0.0,0.024,0.042,0.084,0.117,0.15,0.15,0.117,0.084,0.042,0.024,0.0,0.0,0.206,0.418,0.534,0.612,0.66,0.68,0.68,0.662,0.624,0.564,0.49,0.415,0.17,0.1,0.1,0.1,0.09,0.08,0.07,0.03,0.0,0.0,0.0,0.0,0.0,0.0,0.0,0.0,0.0,0.0,0.0,0.0,0.0,0.0,0.0,0.0,0.0,0.0,0.0,0.0,0.0,0.0,0.0
